Workbook

Sheet РядыСтоек1
B1: Плоскость | C1: тип | D1: стойка | E1: поЦентрам | F1: Установка | G1: ДопСтойка
B2: (5-1)-(5-6) | C2: 1 | D2: 1 | E2: 0 | F2: =E2 -> 0
B3: (5-1)-(5-6) | C3: 1 | D3: 2 | E3: 970 | F3: =F2+E3 -> 970
B4: (5-1)-(5-6) | C4: 1 | D4: 3 | E4: 2160 | F4: =F3+E4 -> 3130 | G4: 1
B5: (5-1)-(5-6) | C5: 1 | D5: 4 | E5: 280 | F5: =F4+E5 -> 3410
B6: (5-1)-(5-6) | C6: 1 | D6: 5 | E6: 300 | F6: =F5+E6 -> 3710
B7: (5-1)-(5-6) | C7: 1 | D7: 6 | E7: 960 | F7: =F6+E7 -> 4670
B8: (5-1)-(5-6) | C8: 1 | D8: 7 | E8: 2160 | F8: =F7+E8 -> 6830 | G8: 1
B9: (5-1)-(5-6) | C9: 1 | D9: 8 | E9: 280 | F9: =F8+E9 -> 7110
B10: (5-1)-(5-6) | C10: 1 | D10: 9 | E10: 300 | F10: =F9+E10 -> 7410
B11: (5-1)-(5-6) | C11: 1 | D11: 10 | E11: 930 | F11: =F10+E11 -> 8340 | H11: 5-2
B12: (5-1)-(5-6) | C12: 1 | D12: 11 | E12: 1370 | F12: =F11+E12 -> 9710 | G12: 1
B13: (5-1)-(5-6) | C13: 1 | D13: 12 | E13: 280 | F13: =F12+E13 -> 9990
B14: (5-1)-(5-6) | C14: 1 | D14: 13 | E14: 930 | F14: =F13+E14 -> 10920
B15: (5-1)-(5-6) | C15: 1 | D15: 14 | E15: 300 | F15: =F14+E15 -> 11220
B16: (5-1)-(5-6) | C16: 1 | D16: 15 | E16: 3090 | F16: =F15+E16 -> 14310 | G16: 1 | H16: 5-3 | I16: 5-4
B17: (5-1)-(5-6) | C17: 1 | D17: 16 | E17: 280 | F17: =F16+E17 -> 14590
B18: (5-1)-(5-6) | C18: 1 | D18: 17 | E18: 300 | F18: =F17+E18 -> 14890
B19: (5-1)-(5-6) | C19: 1 | D19: 18 | E19: 930 | F19: =F18+E19 -> 15820
B20: (5-1)-(5-6) | C20: 1 | D20: 19 | E20: 1370 | F20: =F19+E20 -> 17190 | G20: 1
B21: (5-1)-(5-6) | C21: 1 | D21: 20 | E21: 280 | F21: =F20+E21 -> 17470 | H21: 5-5
B22: (5-1)-(5-6) | C22: 1 | D22: 21 | E22: 930 | F22: =F21+E22 -> 18400
B23: (5-1)-(5-6) | C23: 1 | D23: 22 | E23: 300 | F23: =F22+E23 -> 18700
B24: (5-1)-(5-6) | C24: 1 | D24: 23 | E24: 2160 | F24: =F23+E24 -> 20860 | G24: 1
B25: (5-1)-(5-6) | C25: 1 | D25: 24 | E25: 280 | F25: =F24+E25 -> 21140
B26: (5-1)-(5-6) | C26: 1 | D26: 25 | E26: 960 | F26: =F25+E26 -> 22100
B27: (5-1)-(5-6) | C27: 1 | D27: 26 | E27: 300 | F27: =F26+E27 -> 22400
B28: (5-1)-(5-6) | C28: 1 | D28: 27 | E28: 2160 | F28: =F27+E28 -> 24560 | G28: 1
B29: (5-1)-(5-6) | C29: 1 | D29: 28 | E29: 280 | F29: =F28+E29 -> 24840
B30: (5-1)-(5-6) | C30: 1 | D30: 29 | E30: 970 | F30: =F29+E30 -> 25810 | H30: 5-6 | I30: =SUM(E2:E31) -> 25810 | J30: чертёж | K30: 25810
B31: (5-1)-(5-6) | C31: 2 | D31: 1 | E31: 0 | F31: =E31 -> 0
B32: (5-1)-(5-6) | C32: 2 | D32: 2 | E32: 970 | F32: =F31+E32 -> 970
B33: (5-1)-(5-6) | C33: 2 | D33: 3 | E33: 280 | F33: =F32+E33 -> 1250 | G33: 1
B34: (5-1)-(5-6) | C34: 2 | D34: 4 | E34: 2160 | F34: =F33+E34 -> 3410
B35: (5-1)-(5-6) | C35: 2 | D35: 5 | E35: 300 | F35: =F34+E35 -> 3710
B36: (5-1)-(5-6) | C36: 2 | D36: 6 | E36: 960 | F36: =F35+E36 -> 4670
B37: (5-1)-(5-6) | C37: 2 | D37: 7 | E37: 280 | F37: =F36+E37 -> 4950 | G37: 1
B38: (5-1)-(5-6) | C38: 2 | D38: 8 | E38: 2160 | F38: =F37+E38 -> 7110
B39: (5-1)-(5-6) | C39: 2 | D39: 9 | E39: 300 | F39: =F38+E39 -> 7410
B40: (5-1)-(5-6) | C40: 2 | D40: 10 | E40: 930 | F40: =F39+E40 -> 8340 | H40: 5-2
B41: (5-1)-(5-6) | C41: 2 | D41: 11 | E41: 280 | F41: =F40+E41 -> 8620 | G41: 1
B42: (5-1)-(5-6) | C42: 2 | D42: 12 | E42: 1370 | F42: =F41+E42 -> 9990
B43: (5-1)-(5-6) | C43: 2 | D43: 13 | E43: 930 | F43: =F42+E43 -> 10920
B44: (5-1)-(5-6) | C44: 2 | D44: 14 | E44: 300 | F44: =F43+E44 -> 11220
B45: (5-1)-(5-6) | C45: 2 | D45: 15 | E45: 280 | F45: =F44+E45 -> 11500 | G45: 1 | H45: 5-3
B46: (5-1)-(5-6) | C46: 2 | D46: 16 | E46: 3090 | F46: =F45+E46 -> 14590 | H46: 5-4
B47: (5-1)-(5-6) | C47: 2 | D47: 17 | E47: 300 | F47: =F46+E47 -> 14890
B48: (5-1)-(5-6) | C48: 2 | D48: 18 | E48: 930 | F48: =F47+E48 -> 15820
B49: (5-1)-(5-6) | C49: 2 | D49: 19 | E49: 280 | F49: =F48+E49 -> 16100 | G49: 1
B50: (5-1)-(5-6) | C50: 2 | D50: 20 | E50: 1370 | F50: =F49+E50 -> 17470 | H50: 5-5
B51: (5-1)-(5-6) | C51: 2 | D51: 21 | E51: 930 | F51: =F50+E51 -> 18400
B52: (5-1)-(5-6) | C52: 2 | D52: 22 | E52: 300 | F52: =F51+E52 -> 18700
B53: (5-1)-(5-6) | C53: 2 | D53: 23 | E53: 280 | F53: =F52+E53 -> 18980 | G53: 1
B54: (5-1)-(5-6) | C54: 2 | D54: 24 | E54: 2160 | F54: =F53+E54 -> 21140
B55: (5-1)-(5-6) | C55: 2 | D55: 25 | E55: 960 | F55: =F54+E55 -> 22100
B56: (5-1)-(5-6) | C56: 2 | D56: 26 | E56: 300 | F56: =F55+E56 -> 22400
B57: (5-1)-(5-6) | C57: 2 | D57: 27 | E57: 280 | F57: =F56+E57 -> 22680 | G57: 1
B58: (5-1)-(5-6) | C58: 2 | D58: 28 | E58: 2160 | F58: =F57+E58 -> 24840
B59: (5-1)-(5-6) | C59: 2 | D59: 29 | E59: 970 | F59: =F58+E59 -> 25810 | I59: =SUM(E31:E59) -> 25810

Sheet РядыЗаполнений1
A1: Стойка | B1: Зап1 | C1: Зап1_20 | D1: Зап2 | E1: Зап2_57 | F1: Межэтажка | G1: Базовый | H1: ЗапНизВерх | I1: Термомост | J1: ВС | K1: ххх
A2: 0 | B2: Лист 1 мм | C2: Лист 1 мм | D2: Лист 1 мм | E2: Лист 1 мм | F2: Лист 1 мм | G2: Лист 1 мм | H2: Лист 2 мм | I2: =IF(F2="Продлить","Нет","") | K2: ххх
A3: 1 | B3: Тип 10 | C3: Тип 10 | D3: Тип 10 | E3: Тип 8 | F3: Тип 8 | G3: Тип 8 | H3: Лист 2 мм | I3: =IF(F3="Продлить","Нет","") | K3: ххх
A4: 2 | B4: 3а | C4: 3а | D4: НВС | E4: НВС | F4: Продлить | G4: Тип 8 | H4: Лист 2 мм | I4: =IF(F4="Продлить","Нет","") -> Нет | K4: ххх
A5: 3 | B5: НВС | C5: НВС | D5: 3а | E5: 3а | F5: Продлить | G5: Тип 8 | H5: Лист 2 мм | I5: =IF(F5="Продлить","Нет","") -> Нет | K5: ххх
A6: 4 | B6: СН | C6: СН | D6: СН | E6: СН | F6: СН | G6: СН | H6: СН | I6: =IF(F6="Продлить","Нет","") | K6: ххх
A7: 5 | B7: Тип 10 | C7: Тип 10 | D7: Тип 10 | E7: Тип 8 | F7: Тип 8 | G7: Тип 8 | H7: Лист 2 мм | I7: =IF(F7="Продлить","Нет","") | K7: ххх
A8: 6 | B8: 3а | C8: 3а | D8: НВС | E8: НВС | F8: Продлить | G8: Тип 8 | H8: Лист 2 мм | I8: =IF(F8="Продлить","Нет","") -> Нет | K8: ххх
A9: 7 | B9: НВС | C9: НВС | D9: 3а | E9: 3а | F9: Продлить | G9: Тип 8 | H9: Лист 2 мм | I9: =IF(F9="Продлить","Нет","") -> Нет | K9: ххх
A10: 8 | B10: СН | C10: СН | D10: СН | E10: СН | F10: СН | G10: СН | H10: СН | I10: =IF(F10="Продлить","Нет","") | K10: ххх
A11: 9 | B11: Тип 10 | C11: Тип 10 | D11: Тип 10 | E11: Тип 8 | F11: Тип 8 | G11: Тип 8 | H11: Лист 2 мм | I11: =IF(F11="Продлить","Нет","") | K11: ххх
A12: 10 | B12: 5а | C12: 5а | D12: НВС | E12: НВС | F12: Продлить | G12: Тип 8 | H12: Лист 2 мм | I12: =IF(F12="Продлить","Нет","") -> Нет | K12: ххх
A13: 11 | B13: НВС | C13: НВС | D13: 5а | E13: 5а | F13: Продлить | G13: Тип 8 | H13: Лист 2 мм | I13: =IF(F13="Продлить","Нет","") -> Нет | K13: ххх
... A30: 28 | B30: Тип 10 | C30: Тип 10 | D30: Тип 10 | E30: Тип 8 | F30: Продлить | G30: Тип 8 | H30: Лист 2 мм | I30: =IF(F30="Продлить","Нет","") -> Нет | K30: ххх
A31: 29 | H31: Лист 2 мм | I31: =IF(F31="Продлить","Нет","") | K31: ххх

Sheet РядыКреплений1
A1: пл1_Зап1 | B1: пл1_Зап2 | C1: Стойка | D1: Креп1 | E1: Креп1_20 | F1: Подпорка1 | G1: Подпорка1_20 | H1: Креп2 | I1: Креп2_57 | J1: Подпорка2 | K1: Подпорка2_57 | L1: КрепМ | M1: КрепМ_Ус | N1: ВС | O1: ххх
A2: Лист 1 мм | B2: Лист 1 мм | C2: 0
A3: Тип 10 | B3: Тип 10 | C3: 1 | D3: с2 | E3: с2 | H3: с2 | I3: с2 | L3: с2 | M3: с3
A4: 3а | B4: НВС | C4: 2 | D4: с3 | E4: с3 | F4: Подпорка | H4: с2 | I4: с2 | L4: с2 | M4: с2
A5: НВС | B5: 3а | C5: 3 | D5: с2 | E5: с2 | H5: с3 | I5: с3 | J5: Подпорка | K5: Подпорка | L5: с2 | M5: с3
A6: СН | B6: СН | C6: 4 | D6: с1 | E6: с1 | H6: с1 | I6: с1 | L6: с1 | M6: с1
A7: Тип 10 | B7: Тип 10 | C7: 5 | D7: с2 | E7: с2 | H7: с2 | I7: с2 | L7: с2 | M7: с3
A8: 3а | B8: НВС | C8: 6 | D8: с3 | E8: с3 | F8: Подпорка | H8: с2 | I8: с2 | L8: с2 | M8: с2
A9: НВС | B9: 3а | C9: 7 | D9: с2 | E9: с2 | H9: с3 | I9: с3 | J9: Подпорка | K9: Подпорка | L9: с2 | M9: с3
A10: СН | B10: СН | C10: 8 | D10: с1 | E10: с1 | H10: с1 | I10: с1 | L10: с1 | M10: с1
A11: Тип 10 | B11: Тип 10 | C11: 9 | D11: с2 | E11: с2 | H11: с2 | I11: с2 | L11: с2 | M11: с3
A12: 5а | B12: НВС | C12: 10 | D12: с3 | E12: с2 | H12: с2 | I12: с2 | L12: с2 | M12: с2
A13: НВС | B13: 5а | C13: 11 | D13: с2 | E13: с2 | H13: с3 | I13: с3 | L13: с2 | M13: с2
A14: Тип 10 | B14: Тип 10 | C14: 12 | D14: с2 | E14: с2 | H14: с2 | I14: с2 | L14: с2 | M14: с3
A15: СН | B15: СН | C15: 13 | D15: с1 | E15: с1 | H15: с1 | I15: с1 | L15: с1 | M15: с1
A16: 1а | B16: НВС | C16: 14 | D16: с3 | E16: с3 | F16: Подпорка | G16: Подпорка | H16: с2 | I16: с80 | L16: с2 | M16: с3
A17: НВС | B17: 1а | C17: 15 | D17: с2 | E17: с2 | H17: с3 | I17: с6 | J17: Подпорка | L17: с2 | M17: с3
A18: СН | B18: СН | C18: 16 | D18: с1 | E18: с1 | H18: с1 | I18: с1 | L18: с1 | M18: с1
A19: Тип 10 | B19: Тип 10 | C19: 17 | D19: с2 | E19: с2 | H19: с2 | I19: с2 | L19: с2 | M19: с3
A20: 5а | B20: НВС | C20: 18 | D20: с3 | E20: с2 | H20: с2 | I20: с2 | L20: с2 | M20: с2
A21: НВС | B21: 5а | C21: 19 | D21: с2 | E21: с2 | H21: с3 | I21: с3 | L21: с2 | M21: с2
A22: Тип 10 | B22: Тип 10 | C22: 20 | D22: с2 | E22: с2 | H22: с2 | I22: с2 | L22: с2 | M22: с3
A23: СН | B23: СН | C23: 21 | D23: с1 | E23: с1 | H23: с1 | I23: с1 | L23: с1 | M23: с1
A24: 3а | B24: НВС | C24: 22 | D24: с3 | E24: с3 | F24: Подпорка | H24: с2 | I24: с2 | L24: с2 | M24: с3
A25: НВС | B25: 3а | C25: 23 | D25: с2 | E25: с2 | H25: с3 | I25: с3 | J25: Подпорка | K25: Подпорка | L25: с2 | M25: с2
A26: Тип 10 | B26: Тип 10 | C26: 24 | D26: с2 | E26: с2 | H26: с2 | I26: с2 | L26: с2 | M26: с3
A27: СН | B27: СН | C27: 25 | D27: с1 | E27: с1 | H27: с1 | I27: с1 | L27: с1 | M27: с1
A28: 3а | B28: НВС | C28: 26 | D28: с3 | E28: с3 | F28: Подпорка | H28: с2 | I28: с2 | L28: с2 | M28: с3
A29: НВС | B29: 3а | C29: 27 | D29: с2 | E29: с2 | H29: с3 | I29: с3 | J29: Подпорка | K29: Подпорка | L29: с2 | M29: с2
A30: Тип 10 | B30: Тип 10 | C30: 28 | D30: с2 | E30: с2 | H30: с2 | I30: с2 | L30: с2 | M30: с3
C31: 29

Sheet РядыОпор1
A1: =РядыЗаполнений1!B1 -> Зап1 | B1: =РядыЗаполнений1!D1 -> Зап2 | C1: Стойка | D1: ОпораМ | E1: ОпораМ_Ус | F1: Опора1 | G1: Опора1_20 | H1: Опора1_40 | I1: Опора2 | J1: Опора2_57 | K1: ВС
A2: =РядыЗаполнений1!B2 -> Лист 1 мм | B2: =РядыЗаполнений1!D2 -> Лист 1 мм | C2: 0
A3: =РядыЗаполнений1!B3 -> Тип 10 | B3: =РядыЗаполнений1!D3 -> Тип 10 | C3: 1 | D3: о1лев | E3: о3лев | F3: о1 | G3: о1 | H3: о1 | I3: о1 | J3: о1
A4: =РядыЗаполнений1!B4 -> 3а | B4: =РядыЗаполнений1!D4 -> НВС | C4: 2 | F4: о3 | G4: о3 | H4: о3 | I4: о1ц
A5: =РядыЗаполнений1!B5 -> НВС | B5: =РядыЗаполнений1!D5 -> 3а | C5: 3 | D5: о1прав | E5: о3прав | F5: о1ц | G5: о1ц | H5: о1ц | I5: о3 | J5: о4
A6: =РядыЗаполнений1!B6 -> СН | B6: =РядыЗаполнений1!D6 -> СН | C6: 4 | D6: о1ц | E6: о1ц | F6: о1ц | G6: о1ц | H6: о1ц | I6: о1ц
A7: =РядыЗаполнений1!B7 -> Тип 10 | B7: =РядыЗаполнений1!D7 -> Тип 10 | C7: 5 | D7: о1лев | E7: о3лев | F7: о1 | G7: о1 | H7: о1 | I7: о1 | J7: о1
A8: =РядыЗаполнений1!B8 -> 3а | B8: =РядыЗаполнений1!D8 -> НВС | C8: 6 | F8: о3 | G8: о3 | H8: о3 | I8: о1ц
A9: =РядыЗаполнений1!B9 -> НВС | B9: =РядыЗаполнений1!D9 -> 3а | C9: 7 | D9: о1прав | E9: о3прав | F9: о1ц | G9: о1ц | H9: о1ц | I9: о3 | J9: о4
A10: =РядыЗаполнений1!B10 -> СН | B10: =РядыЗаполнений1!D10 -> СН | C10: 8 | D10: о1ц | E10: о1ц | F10: о1ц | G10: о1ц | H10: о1ц | I10: о1ц
A11: =РядыЗаполнений1!B11 -> Тип 10 | B11: =РядыЗаполнений1!D11 -> Тип 10 | C11: 9 | D11: о1лев | E11: о3лев | F11: о1 | G11: о1 | H11: о1 | I11: о1 | J11: о1
A12: =РядыЗаполнений1!B12 -> 5а | B12: =РядыЗаполнений1!D12 -> НВС | C12: 10 | F12: о3 | G12: о2 | H12: о2 | I12: о1ц | J12: о1ц
A13: =РядыЗаполнений1!B13 -> НВС | B13: =РядыЗаполнений1!D13 -> 5а | C13: 11 | F13: о1ц | G13: о1ц | H13: о1ц | I13: о3 | J13: о3
A14: =РядыЗаполнений1!B14 -> Тип 10 | B14: =РядыЗаполнений1!D14 -> Тип 10 | C14: 12 | D14: о1прав | E14: о3прав | F14: о1 | G14: о1 | H14: о1 | I14: о1 | J14: о1
A15: =РядыЗаполнений1!B15 -> СН | B15: =РядыЗаполнений1!D15 -> СН | C15: 13 | D15: о1ц | E15: о1ц | H15: о1ц | I15: о1ц | J15: о1ц
A16: =РядыЗаполнений1!B16 -> 1а | B16: =РядыЗаполнений1!D16 -> НВС | C16: 14 | D16: о1лев | E16: о3лев | F16: о4 | G16: о4 | H16: о3 | J16: о1ц
A17: =РядыЗаполнений1!B17 -> НВС | B17: =РядыЗаполнений1!D17 -> 1а | C17: 15 | D17: о1прав | E17: о3прав | H17: о1ц | I17: о4 | J17: о5
A18: =РядыЗаполнений1!B18 -> СН | B18: =РядыЗаполнений1!D18 -> СН | C18: 16 | D18: о1ц | E18: о1ц | F18: о1ц | G18: о1ц | H18: о1ц | J18: о1ц
A19: =РядыЗаполнений1!B19 -> Тип 10 | B19: =РядыЗаполнений1!D19 -> Тип 10 | C19: 17 | D19: о1лев | E19: о3лев | F19: о1 | G19: о1 | H19: о1 | I19: о1 | J19: о1
A20: =РядыЗаполнений1!B20 -> 5а | B20: =РядыЗаполнений1!D20 -> НВС | C20: 18 | F20: о3 | G20: о2 | H20: о2 | I20: о1ц | J20: о1ц
A21: =РядыЗаполнений1!B21 -> НВС | B21: =РядыЗаполнений1!D21 -> 5а | C21: 19 | F21: о1ц | G21: о1ц | H21: о1ц | I21: о3 | J21: о3
A22: =РядыЗаполнений1!B22 -> Тип 10 | B22: =РядыЗаполнений1!D22 -> Тип 10 | C22: 20 | D22: о1прав | E22: о3прав | F22: о1 | G22: о1 | H22: о1 | I22: о1 | J22: о1
A23: =РядыЗаполнений1!B23 -> СН | B23: =РядыЗаполнений1!D23 -> СН | C23: 21 | D23: о1ц | E23: о1ц | F23: о1ц | G23: о1ц | H23: о1ц | I23: о1ц | J23: о1ц
A24: =РядыЗаполнений1!B24 -> 3а | B24: =РядыЗаполнений1!D24 -> НВС | C24: 22 | D24: о1лев | E24: о3лев | F24: о3 | G24: о3 | H24: о3 | I24: о1ц
A25: =РядыЗаполнений1!B25 -> НВС | B25: =РядыЗаполнений1!D25 -> 3а | C25: 23 | F25: о1ц | G25: о1ц | H25: о1ц | I25: о3 | J25: о4
A26: =РядыЗаполнений1!B26 -> Тип 10 | B26: =РядыЗаполнений1!D26 -> Тип 10 | C26: 24 | D26: о1прав | E26: о3прав | F26: о1 | G26: о1 | H26: о1 | I26: о1 | J26: о1прав
A27: =РядыЗаполнений1!B27 -> СН | B27: =РядыЗаполнений1!D27 -> СН | C27: 25 | D27: о1ц | E27: о1ц | F27: о1ц | G27: о1ц | H27: о1ц | I27: о1ц | J27: о1ц
A28: =РядыЗаполнений1!B28 -> 3а | B28: =РядыЗаполнений1!D28 -> НВС | C28: 26 | D28: о1лев | E28: о3лев | F28: о3 | G28: о3 | H28: о3 | I28: о1ц
A29: =РядыЗаполнений1!B29 -> НВС | B29: =РядыЗаполнений1!D29 -> 3а | C29: 27 | F29: о1ц | G29: о1ц | H29: о1ц | I29: о3 | J29: о4
A30: =РядыЗаполнений1!B30 -> Тип 10 | B30: =РядыЗаполнений1!D30 -> Тип 10 | C30: 28 | D30: о1прав | E30: о3прав | F30: о1 | G30: о1 | H30: о1 | I30: о1 | J30: о1прав
C31: 29

Sheet РядыРигелей1
A1: Этаж | B1: НизСтойки | C1: ВысотаСтойки | D1: Зазор | E1: РядИзделия | F1: РядФасада | G1: ПоЦентрам | H1: Установка | I1: ТипРядовСтоек | J1: ТипРядовЗаполнений | K1: ТипКреплений | L1: Подпорки | M1: Опоры | O1: Уровень ЧП | P1: Низ Окна | Q1: РучкаотНизаОкна
A2: 0 | B2: 0 | C2: 0 | D2: 0 | E2: 0 | F2: 0 | G2: 0 | H2: 0 | I2: 1 | J2: ЗапНизВерх
A3: 2 | B3: 7670 | C3: 3770 | D3: 10 | E3: 1 | F3: 1 | G3: 25 | H3: =G3+B3 -> 7695 | I3: 1 | J3: Межэтажка | K3: КрепМ | M3: ОпораМ | O3: 8360
A4: 2 | E4: 2 | F4: 2 | G4: 690 | H4: =H3+G4 -> 8385 | J4: Зап1 | K4: Креп1 | L4: Подпорка1 | M4: Опора1 | S4: Этаж | T4: Ригель | U4: чп | V4: ОтЦентра | W4: низОкна
A5: 2 | E5: 3 | F5: 3 | G5: 950 | H5: =H4+G5 -> 9335 | J5: ВС | K5: ВС | M5: ВС | P5: =H5-O3+13 -> 988 | Q5: =1600-P5 -> 612 | S5: 2 | T5: =8385+950 -> 9335 | U5: 8360 | V5: 13 | W5: =T5-U5+V5 -> 988
A6: 2 | E6: 4 | F6: 4 | G6: 1720 | H6: =H5+G6 -> 11055 | J6: Межэтажка | K6: КрепМ | M6: ОпораМ
A7: 3 | B7: 11450 | C7: 3350 | D7: 10 | E7: 1 | F7: 5 | G7: 690 | H7: =H6+G7 -> 11745 | I7: 2 | J7: Зап2 | K7: Креп2 | L7: Подпорка2 | M7: Опора2 | O7: 11720 | S7: 19 | T7: 66455 | U7: 65480 | V7: 13 | W7: =T7-U7+V7 -> 988
A8: 3 | E8: 2 | F8: 6 | G8: 950 | H8: =H7+G8 -> 12695 | J8: ВС | K8: ВС | M8: ВС | P8: =H8-O7+13 -> 988 | Q8: =1600-P8 -> 612 | S8: 20 | T8: 69975 | U8: 69000 | V8: 13 | W8: =T8-U8+V8 -> 988
A9: 3 | E9: 3 | F9: 7 | G9: 1720 | H9: =H8+G9 -> 14415 | J9: Межэтажка | K9: КрепМ | M9: ОпораМ | S9: 21 | T9: 73335 | U9: 72360 | V9: 13 | W9: =T9-U9+V9 -> 988
A10: =A7+1 -> 4 | B10: =B7+C7+D7 -> 14810 | C10: =$C$7 -> 3350 | D10: 10 | E10: =E7 -> 1 | F10: 8 | G10: =$G$7 -> 690 | H10: =H9+G10 -> 15105 | I10: 1 | J10: Зап1 | K10: Креп1 | L10: Подпорка1 | M10: Опора1 | O10: =O7+C7+D7 -> 15080
A11: =A8+1 -> 4 | E11: =E8 -> 2 | F11: 9 | G11: =$G$8 -> 950 | H11: =H10+G11 -> 16055 | J11: ВС | K11: ВС | M11: ВС | P11: =H11-O10+13 -> 988 | Q11: =1600-P11 -> 612 | S11: 39 | T11: 133815 | U11: 132840 | V11: 13 | W11: =T11-U11+V11 -> 988
A12: =A9+1 -> 4 | E12: =E9 -> 3 | F12: 10 | G12: =$G$9 -> 1720 | H12: =H11+G12 -> 17775 | J12: Межэтажка | K12: КрепМ | M12: ОпораМ | S12: 40 | T12: 137335 | U12: 136360 | V12: 13 | W12: =T12-U12+V12 -> 988
A13: =A10+1 -> 5 | B13: =B10+C10+D10 -> 18170 | C13: =$C$7 -> 3350 | D13: 10 | E13: =E10 -> 1 | F13: 11 | G13: =$G$7 -> 690 | H13: =H12+G13 -> 18465 | I13: 2 | J13: Зап2 | K13: Креп2 | L13: Подпорка2 | M13: Опора2 | O13: =O10+C10+D10 -> 18440 | S13: 41 | T13: 140695 | U13: 139720 | V13: 13 | W13: =T13-U13+V13 -> 988
A14: =A11+1 -> 5 | E14: =E11 -> 2 | F14: 12 | G14: =$G$8 -> 950 | H14: =H13+G14 -> 19415 | J14: ВС | K14: ВС | M14: ВС | P14: =H14-O13+13 -> 988 | Q14: =1600-P14 -> 612
A15: =A12+1 -> 5 | E15: =E12 -> 3 | F15: 13 | G15: =$G$9 -> 1720 | H15: =H14+G15 -> 21135 | J15: Межэтажка | K15: КрепМ | M15: ОпораМ | S15: 57 | T15: 194455 | U15: 193480 | V15: 13 | W15: =T15-U15+V15 -> 988
A16: =A13+1 -> 6 | B16: =B13+C13+D13 -> 21530 | C16: =$C$7 -> 3350 | D16: 10 | E16: =E13 -> 1 | F16: 14 | G16: =$G$7 -> 690 | H16: =H15+G16 -> 21825 | I16: 1 | J16: Зап1 | K16: Креп1 | L16: Подпорка1 | M16: Опора1 | O16: =O13+C13+D13 -> 21800
A17: =A14+1 -> 6 | E17: =E14 -> 2 | F17: 15 | G17: =$G$8 -> 950 | H17: =H16+G17 -> 22775 | J17: ВС | K17: ВС | M17: ВС | P17: =H17-O16+13 -> 988 | Q17: =1600-P17 -> 612
A18: =A15+1 -> 6 | E18: =E15 -> 3 | F18: 16 | G18: =$G$9 -> 1720 | H18: =H17+G18 -> 24495 | J18: Межэтажка | K18: КрепМ | M18: ОпораМ
A19: =A16+1 -> 7 | B19: =B16+C16+D16 -> 24890 | C19: =$C$7 -> 3350 | D19: 10 | E19: =E16 -> 1 | F19: 17 | G19: =$G$7 -> 690 | H19: =H18+G19 -> 25185 | I19: 2 | J19: Зап2 | K19: Креп2 | L19: Подпорка2 | M19: Опора2 | O19: =O16+C16+D16 -> 25160
A20: =A17+1 -> 7 | E20: =E17 -> 2 | F20: 18 | G20: =$G$8 -> 950 | H20: =H19+G20 -> 26135 | J20: ВС | K20: ВС | M20: ВС | P20: =H20-O19+13 -> 988 | Q20: =1600-P20 -> 612
A21: =A18+1 -> 7 | E21: =E18 -> 3 | F21: 19 | G21: =$G$9 -> 1720 | H21: =H20+G21 -> 27855 | J21: Межэтажка | K21: КрепМ | M21: ОпораМ
A22: =A19+1 -> 8 | B22: =B19+C19+D19 -> 28250 | C22: =$C$7 -> 3350 | D22: 10 | E22: =E19 -> 1 | F22: 20 | G22: =$G$7 -> 690 | H22: =H21+G22 -> 28545 | I22: 1 | J22: Зап1 | K22: Креп1 | L22: Подпорка1 | M22: Опора1 | O22: =O19+C19+D19 -> 28520
A23: =A20+1 -> 8 | E23: =E20 -> 2 | F23: 21 | G23: =$G$8 -> 950 | H23: =H22+G23 -> 29495 | J23: ВС | K23: ВС | M23: ВС | P23: =H23-O22+13 -> 988 | Q23: =1600-P23 -> 612
A24: =A21+1 -> 8 | E24: =E21 -> 3 | F24: 22 | G24: =$G$9 -> 1720 | H24: =H23+G24 -> 31215 | J24: Межэтажка | K24: КрепМ | M24: ОпораМ
A25: =A22+1 -> 9 | B25: =B22+C22+D22 -> 31610 | C25: =$C$7 -> 3350 | D25: 10 | E25: =E22 -> 1 | F25: 23 | G25: =$G$7 -> 690 | H25: =H24+G25 -> 31905 | I25: 2 | J25: Зап2 | K25: Креп2 | L25: Подпорка2 | M25: Опора2 | O25: =O22+C22+D22 -> 31880
A26: =A23+1 -> 9 | E26: =E23 -> 2 | F26: 24 | G26: =$G$8 -> 950 | H26: =H25+G26 -> 32855 | J26: ВС | K26: ВС | M26: ВС | P26: =H26-O25+13 -> 988 | Q26: =1600-P26 -> 612
A27: =A24+1 -> 9 | E27: =E24 -> 3 | F27: 25 | G27: =$G$9 -> 1720 | H27: =H26+G27 -> 34575 | J27: Межэтажка | K27: КрепМ | M27: ОпораМ
A28: =A25+1 -> 10 | B28: =B25+C25+D25 -> 34970 | C28: =$C$7 -> 3350 | D28: 10 | E28: =E25 -> 1 | F28: 26 | G28: =$G$7 -> 690 | H28: =H27+G28 -> 35265 | I28: 1 | J28: Зап1 | K28: Креп1 | L28: Подпорка1 | M28: Опора1 | O28: =O25+C25+D25 -> 35240
A29: =A26+1 -> 10 | E29: =E26 -> 2 | F29: 27 | G29: =$G$8 -> 950 | H29: =H28+G29 -> 36215 | J29: ВС | K29: ВС | M29: ВС | P29: =H29-O28+13 -> 988 | Q29: =1600-P29 -> 612
A30: =A27+1 -> 10 | E30: =E27 -> 3 | F30: 28 | G30: =$G$9 -> 1720 | H30: =H29+G30 -> 37935 | J30: Межэтажка | K30: КрепМ | M30: ОпораМ
A31: =A28+1 -> 11 | B31: =B28+C28+D28 -> 38330 | C31: =$C$7 -> 3350 | D31: 10 | E31: =E28 -> 1 | F31: 29 | G31: =$G$7 -> 690 | H31: =H30+G31 -> 38625 | I31: 2 | J31: Зап2 | K31: Креп2 | L31: Подпорка2 | M31: Опора2 | O31: =O28+C28+D28 -> 38600
A32: =A29+1 -> 11 | E32: =E29 -> 2 | F32: 30 | G32: =$G$8 -> 950 | H32: =H31+G32 -> 39575 | J32: ВС | K32: ВС | M32: ВС | P32: =H32-O31+13 -> 988 | Q32: =1600-P32 -> 612
A33: =A30+1 -> 11 | E33: =E30 -> 3 | F33: 31 | G33: =$G$9 -> 1720 | H33: =H32+G33 -> 41295 | J33: Межэтажка | K33: КрепМ | M33: ОпораМ
A34: =A31+1 -> 12 | B34: =B31+C31+D31 -> 41690 | C34: =$C$7 -> 3350 | D34: 10 | E34: =E31 -> 1 | F34: 32 | G34: =$G$7 -> 690 | H34: =H33+G34 -> 41985 | I34: 1 | J34: Зап1 | K34: Креп1 | L34: Подпорка1 | M34: Опора1 | O34: =O31+C31+D31 -> 41960
A35: =A32+1 -> 12 | E35: =E32 -> 2 | F35: 33 | G35: =$G$8 -> 950 | H35: =H34+G35 -> 42935 | J35: ВС | K35: ВС | M35: ВС | P35: =H35-O34+13 -> 988 | Q35: =1600-P35 -> 612
A36: =A33+1 -> 12 | E36: =E33 -> 3 | F36: 34 | G36: =$G$9 -> 1720 | H36: =H35+G36 -> 44655 | J36: Межэтажка | K36: КрепМ | M36: ОпораМ
A37: =A34+1 -> 13 | B37: =B34+C34+D34 -> 45050 | C37: =$C$7 -> 3350 | D37: 10 | E37: =E34 -> 1 | F37: 35 | G37: =$G$7 -> 690 | H37: =H36+G37 -> 45345 | I37: 2 | J37: Зап2 | K37: Креп2 | L37: Подпорка2 | M37: Опора2 | O37: =O34+C34+D34 -> 45320
A38: =A35+1 -> 13 | E38: =E35 -> 2 | F38: 36 | G38: =$G$8 -> 950 | H38: =H37+G38 -> 46295 | J38: ВС | K38: ВС | M38: ВС | P38: =H38-O37+13 -> 988 | Q38: =1600-P38 -> 612
A39: =A36+1 -> 13 | E39: =E36 -> 3 | F39: 37 | G39: =$G$9 -> 1720 | H39: =H38+G39 -> 48015 | J39: Межэтажка | K39: КрепМ | M39: ОпораМ
A40: =A37+1 -> 14 | B40: =B37+C37+D37 -> 48410 | C40: =$C$7 -> 3350 | D40: 10 | E40: =E37 -> 1 | F40: 38 | G40: =$G$7 -> 690 | H40: =H39+G40 -> 48705 | I40: 1 | J40: Зап1 | K40: Креп1 | L40: Подпорка1 | M40: Опора1 | O40: =O37+C37+D37 -> 48680
A41: =A38+1 -> 14 | E41: =E38 -> 2 | F41: 39 | G41: =$G$8 -> 950 | H41: =H40+G41 -> 49655 | J41: ВС | K41: ВС | M41: ВС | P41: =H41-O40+13 -> 988 | Q41: =1600-P41 -> 612
A42: =A39+1 -> 14 | E42: =E39 -> 3 | F42: 40 | G42: =$G$9 -> 1720 | H42: =H41+G42 -> 51375 | J42: Межэтажка | K42: КрепМ | M42: ОпораМ
A43: =A40+1 -> 15 | B43: =B40+C40+D40 -> 51770 | C43: =$C$7 -> 3350 | D43: 10 | E43: =E40 -> 1 | F43: 41 | G43: =$G$7 -> 690 | H43: =H42+G43 -> 52065 | I43: 2 | J43: Зап2 | K43: Креп2 | L43: Подпорка2 | M43: Опора2 | O43: =O40+C40+D40 -> 52040
A44: =A41+1 -> 15 | E44: =E41 -> 2 | F44: 42 | G44: =$G$8 -> 950 | H44: =H43+G44 -> 53015 | J44: ВС | K44: ВС | M44: ВС | P44: =H44-O43+13 -> 988 | Q44: =1600-P44 -> 612
A45: =A42+1 -> 15 | E45: =E42 -> 3 | F45: 43 | G45: =$G$9 -> 1720 | H45: =H44+G45 -> 54735 | J45: Межэтажка | K45: КрепМ | M45: ОпораМ
A46: =A43+1 -> 16 | B46: =B43+C43+D43 -> 55130 | C46: =$C$7 -> 3350 | D46: 10 | E46: =E43 -> 1 | F46: 44 | G46: =$G$7 -> 690 | H46: =H45+G46 -> 55425 | I46: 1 | J46: Зап1 | K46: Креп1 | L46: Подпорка1 | M46: Опора1 | O46: =O43+C43+D43 -> 55400
A47: =A44+1 -> 16 | E47: =E44 -> 2 | F47: 45 | G47: =$G$8 -> 950 | H47: =H46+G47 -> 56375 | J47: ВС | K47: ВС | M47: ВС | P47: =H47-O46+13 -> 988 | Q47: =1600-P47 -> 612
A48: =A45+1 -> 16 | E48: =E45 -> 3 | F48: 46 | G48: =$G$9 -> 1720 | H48: =H47+G48 -> 58095 | J48: Межэтажка | K48: КрепМ | M48: ОпораМ
A49: =A46+1 -> 17 | B49: =B46+C46+D46 -> 58490 | C49: =$C$7 -> 3350 | D49: 10 | E49: =E46 -> 1 | F49: 47 | G49: =$G$7 -> 690 | H49: =H48+G49 -> 58785 | I49: 2 | J49: Зап2 | K49: Креп2 | L49: Подпорка2 | M49: Опора2 | O49: =O46+C46+D46 -> 58760
A50: =A47+1 -> 17 | E50: =E47 -> 2 | F50: 48 | G50: =$G$8 -> 950 | H50: =H49+G50 -> 59735 | J50: ВС | K50: ВС | M50: ВС | P50: =H50-O49+13 -> 988 | Q50: =1600-P50 -> 612
A51: =A48+1 -> 17 | E51: =E48 -> 3 | F51: 49 | G51: =$G$9 -> 1720 | H51: =H50+G51 -> 61455 | J51: Межэтажка | K51: КрепМ | M51: ОпораМ
A52: =A49+1 -> 18 | B52: =B49+C49+D49 -> 61850 | C52: =$C$7 -> 3350 | D52: 10 | E52: =E49 -> 1 | F52: 50 | G52: =$G$7 -> 690 | H52: =H51+G52 -> 62145 | I52: 1 | J52: Зап1 | K52: Креп1 | L52: Подпорка1 | M52: Опора1 | O52: =O49+C49+D49 -> 62120
A53: =A50+1 -> 18 | E53: =E50 -> 2 | F53: 51 | G53: =$G$8 -> 950 | H53: =H52+G53 -> 63095 | J53: ВС | K53: ВС | M53: ВС | P53: =H53-O52+13 -> 988 | Q53: =1600-P53 -> 612
A54: =A51+1 -> 18 | E54: =E51 -> 3 | F54: 52 | G54: =$G$9 -> 1720 | H54: =H53+G54 -> 64815 | J54: Межэтажка | K54: КрепМ | M54: ОпораМ
A55: =A52+1 -> 19 | B55: =B52+C52+D52 -> 65210 | C55: 3510 | D55: 10 | E55: =E52 -> 1 | F55: 53 | G55: =$G$7 -> 690 | H55: =H54+G55 -> 65505 | I55: 2 | J55: Зап2 | K55: Креп2 | L55: Подпорка2 | M55: Опора2 | O55: =O52+C52+D52 -> 65480
A56: =A53+1 -> 19 | E56: =E53 -> 2 | F56: 54 | G56: =$G$8 -> 950 | H56: =H55+G56 -> 66455 | J56: ВС | K56: ВС | M56: ВС | P56: =H56-O55+13 -> 988 | Q56: =1600-P56 -> 612
A57: =A54+1 -> 19 | E57: =E54 -> 3 | F57: 55 | G57: =$G$9 -> 1720 | H57: =H56+G57 -> 68175 | J57: Межэтажка | K57: КрепМ_Ус | M57: ОпораМ_Ус
A58: =A55+1 -> 20 | B58: =B55+C55+D55 -> 68730 | C58: 3350 | D58: 10 | E58: =E55 -> 1 | F58: 56 | G58: 1390 | H58: =H57+G58 -> 69565 | I58: 1 | J58: Зап1_20 | K58: Креп1_20 | L58: Подпорка1_20 | M58: Опора1_20 | O58: =O55+C55+D55 -> 69000
A59: =A56+1 -> 20 | E59: =E56 -> 2 | F59: 57 | G59: 410 | H59: =H58+G59 -> 69975 | J59: ВС | K59: ВС | M59: ВС | P59: =H59-O58+13 -> 988 | Q59: =1600-P59 -> 612
A60: =A57+1 -> 20 | E60: =E57 -> 3 | F60: 58 | G60: 1720 | H60: =H59+G60 -> 71695 | J60: Межэтажка | K60: КрепМ | M60: ОпораМ
A61: =A58+1 -> 21 | B61: =B58+C58+D58 -> 72090 | C61: =$C$7 -> 3350 | D61: 10 | E61: =E58 -> 1 | F61: 59 | G61: =$G$7 -> 690 | H61: =H60+G61 -> 72385 | I61: 2 | J61: Зап2 | K61: Креп2 | L61: Подпорка2 | M61: Опора2 | O61: =O58+C58+D58 -> 72360
A62: =A59+1 -> 21 | E62: =E59 -> 2 | F62: 60 | G62: =$G$8 -> 950 | H62: =H61+G62 -> 73335 | J62: ВС | K62: ВС | M62: ВС | P62: =H62-O61+13 -> 988 | Q62: =1600-P62 -> 612
A63: =A60+1 -> 21 | E63: =E60 -> 3 | F63: 61 | G63: =$G$9 -> 1720 | H63: =H62+G63 -> 75055 | J63: Межэтажка | K63: КрепМ | M63: ОпораМ
A64: =A61+1 -> 22 | B64: =B61+C61+D61 -> 75450 | C64: =$C$7 -> 3350 | D64: 10 | E64: =E61 -> 1 | F64: 62 | G64: =$G$7 -> 690 | H64: =H63+G64 -> 75745 | I64: 1 | J64: Зап1 | K64: Креп1 | L64: Подпорка1 | M64: Опора1 | O64: =O61+C61+D61 -> 75720
A65: =A62+1 -> 22 | E65: =E62 -> 2 | F65: 63 | G65: =$G$8 -> 950 | H65: =H64+G65 -> 76695 | J65: ВС | K65: ВС | M65: ВС | P65: =H65-O64+13 -> 988 | Q65: =1600-P65 -> 612
A66: =A63+1 -> 22 | E66: =E63 -> 3 | F66: 64 | G66: =$G$9 -> 1720 | H66: =H65+G66 -> 78415 | J66: Межэтажка | K66: КрепМ | M66: ОпораМ
A67: =A64+1 -> 23 | B67: =B64+C64+D64 -> 78810 | C67: =$C$7 -> 3350 | D67: 10 | E67: =E64 -> 1 | F67: 65 | G67: =$G$7 -> 690 | H67: =H66+G67 -> 79105 | I67: 2 | J67: Зап2 | K67: Креп2 | L67: Подпорка2 | M67: Опора2 | O67: =O64+C64+D64 -> 79080
A68: =A65+1 -> 23 | E68: =E65 -> 2 | F68: 66 | G68: =$G$8 -> 950 | H68: =H67+G68 -> 80055 | J68: ВС | K68: ВС | M68: ВС | P68: =H68-O67+13 -> 988 | Q68: =1600-P68 -> 612
A69: =A66+1 -> 23 | E69: =E66 -> 3 | F69: 67 | G69: =$G$9 -> 1720 | H69: =H68+G69 -> 81775 | J69: Межэтажка | K69: КрепМ | M69: ОпораМ
A70: =A67+1 -> 24 | B70: =B67+C67+D67 -> 82170 | C70: =$C$7 -> 3350 | D70: 10 | E70: =E67 -> 1 | F70: 68 | G70: =$G$7 -> 690 | H70: =H69+G70 -> 82465 | I70: 1 | J70: Зап1 | K70: Креп1 | L70: Подпорка1 | M70: Опора1 | O70: =O67+C67+D67 -> 82440
A71: =A68+1 -> 24 | E71: =E68 -> 2 | F71: 69 | G71: =$G$8 -> 950 | H71: =H70+G71 -> 83415 | J71: ВС | K71: ВС | M71: ВС | P71: =H71-O70+13 -> 988 | Q71: =1600-P71 -> 612
A72: =A69+1 -> 24 | E72: =E69 -> 3 | F72: 70 | G72: =$G$9 -> 1720 | H72: =H71+G72 -> 85135 | J72: Межэтажка | K72: КрепМ | M72: ОпораМ
A73: =A70+1 -> 25 | B73: =B70+C70+D70 -> 85530 | C73: =$C$7 -> 3350 | D73: 10 | E73: =E70 -> 1 | F73: 71 | G73: =$G$7 -> 690 | H73: =H72+G73 -> 85825 | I73: 2 | J73: Зап2 | K73: Креп2 | L73: Подпорка2 | M73: Опора2 | O73: =O70+C70+D70 -> 85800
A74: =A71+1 -> 25 | E74: =E71 -> 2 | F74: 72 | G74: =$G$8 -> 950 | H74: =H73+G74 -> 86775 | J74: ВС | K74: ВС | M74: ВС | P74: =H74-O73+13 -> 988 | Q74: =1600-P74 -> 612
A75: =A72+1 -> 25 | E75: =E72 -> 3 | F75: 73 | G75: =$G$9 -> 1720 | H75: =H74+G75 -> 88495 | J75: Межэтажка | K75: КрепМ | M75: ОпораМ
A76: =A73+1 -> 26 | B76: =B73+C73+D73 -> 88890 | C76: =$C$7 -> 3350 | D76: 10 | E76: =E73 -> 1 | F76: 74 | G76: =$G$7 -> 690 | H76: =H75+G76 -> 89185 | I76: 1 | J76: Зап1 | K76: Креп1 | L76: Подпорка1 | M76: Опора1 | O76: =O73+C73+D73 -> 89160
A77: =A74+1 -> 26 | E77: =E74 -> 2 | F77: 75 | G77: =$G$8 -> 950 | H77: =H76+G77 -> 90135 | J77: ВС | K77: ВС | M77: ВС | P77: =H77-O76+13 -> 988 | Q77: =1600-P77 -> 612
A78: =A75+1 -> 26 | E78: =E75 -> 3 | F78: 76 | G78: =$G$9 -> 1720 | H78: =H77+G78 -> 91855 | J78: Межэтажка | K78: КрепМ | M78: ОпораМ
A79: =A76+1 -> 27 | B79: =B76+C76+D76 -> 92250 | C79: =$C$7 -> 3350 | D79: 10 | E79: =E76 -> 1 | F79: 77 | G79: =$G$7 -> 690 | H79: =H78+G79 -> 92545 | I79: 2 | J79: Зап2 | K79: Креп2 | L79: Подпорка2 | M79: Опора2 | O79: =O76+C76+D76 -> 92520
A80: =A77+1 -> 27 | E80: =E77 -> 2 | F80: 78 | G80: =$G$8 -> 950 | H80: =H79+G80 -> 93495 | J80: ВС | K80: ВС | M80: ВС | P80: =H80-O79+13 -> 988 | Q80: =1600-P80 -> 612
A81: =A78+1 -> 27 | E81: =E78 -> 3 | F81: 79 | G81: =$G$9 -> 1720 | H81: =H80+G81 -> 95215 | J81: Межэтажка | K81: КрепМ | M81: ОпораМ
A82: =A79+1 -> 28 | B82: =B79+C79+D79 -> 95610 | C82: =$C$7 -> 3350 | D82: 10 | E82: =E79 -> 1 | F82: 80 | G82: =$G$7 -> 690 | H82: =H81+G82 -> 95905 | I82: 1 | J82: Зап1 | K82: Креп1 | L82: Подпорка1 | M82: Опора1 | O82: =O79+C79+D79 -> 95880
A83: =A80+1 -> 28 | E83: =E80 -> 2 | F83: 81 | G83: =$G$8 -> 950 | H83: =H82+G83 -> 96855 | J83: ВС | K83: ВС | M83: ВС | P83: =H83-O82+13 -> 988 | Q83: =1600-P83 -> 612
A84: =A81+1 -> 28 | E84: =E81 -> 3 | F84: 82 | G84: =$G$9 -> 1720 | H84: =H83+G84 -> 98575 | J84: Межэтажка | K84: КрепМ | M84: ОпораМ
A85: =A82+1 -> 29 | B85: =B82+C82+D82 -> 98970 | C85: =$C$7 -> 3350 | D85: 10 | E85: =E82 -> 1 | F85: 83 | G85: =$G$7 -> 690 | H85: =H84+G85 -> 99265 | I85: 2 | J85: Зап2 | K85: Креп2 | L85: Подпорка2 | M85: Опора2 | O85: =O82+C82+D82 -> 99240
A86: =A83+1 -> 29 | E86: =E83 -> 2 | F86: 84 | G86: =$G$8 -> 950 | H86: =H85+G86 -> 100215 | J86: ВС | K86: ВС | M86: ВС | P86: =H86-O85+13 -> 988 | Q86: =1600-P86 -> 612
A87: =A84+1 -> 29 | E87: =E84 -> 3 | F87: 85 | G87: =$G$9 -> 1720 | H87: =H86+G87 -> 101935 | J87: Межэтажка | K87: КрепМ | M87: ОпораМ
A88: =A85+1 -> 30 | B88: =B85+C85+D85 -> 102330 | C88: =$C$7 -> 3350 | D88: 10 | E88: =E85 -> 1 | F88: 86 | G88: =$G$7 -> 690 | H88: =H87+G88 -> 102625 | I88: 1 | J88: Зап1 | K88: Креп1 | L88: Подпорка1 | M88: Опора1 | O88: =O85+C85+D85 -> 102600
A89: =A86+1 -> 30 | E89: =E86 -> 2 | F89: 87 | G89: =$G$8 -> 950 | H89: =H88+G89 -> 103575 | J89: ВС | K89: ВС | M89: ВС | P89: =H89-O88+13 -> 988 | Q89: =1600-P89 -> 612
A90: =A87+1 -> 30 | E90: =E87 -> 3 | F90: 88 | G90: =$G$9 -> 1720 | H90: =H89+G90 -> 105295 | J90: Межэтажка | K90: КрепМ | M90: ОпораМ
A91: =A88+1 -> 31 | B91: =B88+C88+D88 -> 105690 | C91: =$C$7 -> 3350 | D91: 10 | E91: =E88 -> 1 | F91: 89 | G91: =$G$7 -> 690 | H91: =H90+G91 -> 105985 | I91: 2 | J91: Зап2 | K91: Креп2 | L91: Подпорка2 | M91: Опора2 | O91: =O88+C88+D88 -> 105960
A92: =A89+1 -> 31 | E92: =E89 -> 2 | F92: 90 | G92: =$G$8 -> 950 | H92: =H91+G92 -> 106935 | J92: ВС | K92: ВС | M92: ВС | P92: =H92-O91+13 -> 988 | Q92: =1600-P92 -> 612
A93: =A90+1 -> 31 | E93: =E90 -> 3 | F93: 91 | G93: =$G$9 -> 1720 | H93: =H92+G93 -> 108655 | J93: Межэтажка | K93: КрепМ | M93: ОпораМ
A94: =A91+1 -> 32 | B94: =B91+C91+D91 -> 109050 | C94: =$C$7 -> 3350 | D94: 10 | E94: =E91 -> 1 | F94: 92 | G94: =$G$7 -> 690 | H94: =H93+G94 -> 109345 | I94: 1 | J94: Зап1 | K94: Креп1 | L94: Подпорка1 | M94: Опора1 | O94: =O91+C91+D91 -> 109320
A95: =A92+1 -> 32 | E95: =E92 -> 2 | F95: 93 | G95: =$G$8 -> 950 | H95: =H94+G95 -> 110295 | J95: ВС | K95: ВС | M95: ВС | P95: =H95-O94+13 -> 988 | Q95: =1600-P95 -> 612
A96: =A93+1 -> 32 | E96: =E93 -> 3 | F96: 94 | G96: =$G$9 -> 1720 | H96: =H95+G96 -> 112015 | J96: Межэтажка | K96: КрепМ | M96: ОпораМ
A97: =A94+1 -> 33 | B97: =B94+C94+D94 -> 112410 | C97: =$C$7 -> 3350 | D97: 10 | E97: =E94 -> 1 | F97: 95 | G97: =$G$7 -> 690 | H97: =H96+G97 -> 112705 | I97: 2 | J97: Зап2 | K97: Креп2 | L97: Подпорка2 | M97: Опора2 | O97: =O94+C94+D94 -> 112680
A98: =A95+1 -> 33 | E98: =E95 -> 2 | F98: 96 | G98: =$G$8 -> 950 | H98: =H97+G98 -> 113655 | J98: ВС | K98: ВС | M98: ВС | P98: =H98-O97+13 -> 988 | Q98: =1600-P98 -> 612
A99: =A96+1 -> 33 | E99: =E96 -> 3 | F99: 97 | G99: =$G$9 -> 1720 | H99: =H98+G99 -> 115375 | J99: Межэтажка | K99: КрепМ | M99: ОпораМ
A100: =A97+1 -> 34 | B100: =B97+C97+D97 -> 115770 | C100: =$C$7 -> 3350 | D100: 10 | E100: =E97 -> 1 | F100: 98 | G100: =$G$7 -> 690 | H100: =H99+G100 -> 116065 | I100: 1 | J100: Зап1 | K100: Креп1 | L100: Подпорка1 | M100: Опора1 | O100: =O97+C97+D97 -> 116040
...

Sheet ГраницыИзделий1
A1: Стойка | B1: ЛеваяСтойка | C1: ПраваяСтойка | D1: НомерИзделия
A2: 1 | B2: 1 | C2: 4 | D2: 1
A3: 2 | B3: 1 | C3: 4 | D3: 1
A4: 3 | B4: 1 | C4: 4 | D4: 1
A5: 4 | B5: 1 | C5: 4 | D5: 1
A6: 5 | B6: 5 | C6: 8 | D6: 2
A7: 6 | B7: 5 | C7: 8 | D7: 2
A8: 7 | B8: 5 | C8: 8 | D8: 2
A9: 8 | B9: 5 | C9: 8 | D9: 2
A10: 9 | B10: 9 | C10: 13 | D10: 3
A11: 10 | B11: 9 | C11: 13 | D11: 3
A12: 11 | B12: 9 | C12: 13 | D12: 3
A13: 12 | B13: 9 | C13: 13 | D13: 3
... A30: 29 | B30: 26 | C30: 29 | D30: 7

Sheet Изделия1
A1: Этаж | B1: с1 | C1: с5 | D1: с9 | E1: с14 | F1: с17 | G1: с22 | H1: с26 | J1: Изделия на этаже
A2: 57 | B2: ВН-53-К5(а) | C2: ВН-54-К5(а) | D2: ВН-55-К5(а) | E2: ВН-56-К5(а) | F2: ВН-55-К5(а) | G2: ВН-57-К5(а) | H2: ВН-58-К5(а) | J2: =_xlfn.CONCAT(B2,", ",C2,", ",D2,", ",E2,", ", F2,", ",G2,", ",H2) -> ВН-53-К5(а), ВН-54-К5(а), ВН-55-К5(а), ВН-56-К5(а), ВН-55-К5(а), ВН-57-К5(а), ВН-58-К5(а)
A3: 56 | B3: ВН-29-К5(а) | C3: ВН-30-К5(а) | D3: ВН-31-К5(а) | E3: ВН-32-К5(а) | F3: ВН-31-К5(а) | G3: ВН-33-К5(а) | H3: ВН-34-К5(а)
A4: 55 | B4: ВН-35-К5(а) | C4: ВН-36-К5(а) | D4: ВН-37-К5(а) | E4: ВН-38-К5(а) | F4: ВН-37-К5(а) | G4: ВН-39-К5(а) | H4: ВН-40-К5(а)
A5: 54 | B5: ВН-29-К5(а) | C5: ВН-30-К5(а) | D5: ВН-31-К5(а) | E5: ВН-32-К5(а) | F5: ВН-31-К5(а) | G5: ВН-33-К5(а) | H5: ВН-34-К5(а)
A6: 53 | B6: ВН-35-К5(а) | C6: ВН-36-К5(а) | D6: ВН-37-К5(а) | E6: ВН-38-К5(а) | F6: ВН-37-К5(а) | G6: ВН-39-К5(а) | H6: ВН-40-К5(а)
A7: 52 | B7: ВН-29-К5(а) | C7: ВН-30-К5(а) | D7: ВН-31-К5(а) | E7: ВН-32-К5(а) | F7: ВН-31-К5(а) | G7: ВН-33-К5(а) | H7: ВН-34-К5(а)
A8: 51 | B8: ВН-35-К5(а) | C8: ВН-36-К5(а) | D8: ВН-37-К5(а) | E8: ВН-38-К5(а) | F8: ВН-37-К5(а) | G8: ВН-39-К5(а) | H8: ВН-40-К5(а)
A9: 50 | B9: ВН-29-К5(а) | C9: ВН-30-К5(а) | D9: ВН-31-К5(а) | E9: ВН-32-К5(а) | F9: ВН-31-К5(а) | G9: ВН-33-К5(а) | H9: ВН-34-К5(а)
A10: 49 | B10: ВН-35-К5(а) | C10: ВН-36-К5(а) | D10: ВН-37-К5(а) | E10: ВН-38-К5(а) | F10: ВН-37-К5(а) | G10: ВН-39-К5(а) | H10: ВН-40-К5(а)
A11: 48 | B11: ВН-29-К5(а) | C11: ВН-30-К5(а) | D11: ВН-31-К5(а) | E11: ВН-32-К5(а) | F11: ВН-31-К5(а) | G11: ВН-33-К5(а) | H11: ВН-34-К5(а)
A12: 47 | B12: ВН-35-К5(а) | C12: ВН-36-К5(а) | D12: ВН-37-К5(а) | E12: ВН-38-К5(а) | F12: ВН-37-К5(а) | G12: ВН-39-К5(а) | H12: ВН-40-К5(а)
A13: 46 | B13: ВН-29-К5(а) | C13: ВН-30-К5(а) | D13: ВН-31-К5(а) | E13: ВН-32-К5(а) | F13: ВН-31-К5(а) | G13: ВН-33-К5(а) | H13: ВН-34-К5(а)
A14: 45 | B14: ВН-35-К5(а) | C14: ВН-36-К5(а) | D14: ВН-37-К5(а) | E14: ВН-38-К5(а) | F14: ВН-37-К5(а) | G14: ВН-39-К5(а) | H14: ВН-40-К5(а)
... A18: 41 | B18: ВН-35-К5(а) | C18: ВН-36-К5(а) | D18: ВН-37-К5(а) | E18: ВН-38-К5(а) | F18: ВН-37-К5(а) | G18: ВН-39-К5(а) | H18: ВН-40-К5(а)
A19: 40 | B19: ВН-47-К5(а) | C19: ВН-48-К5(а) | D19: ВН-49-К5(а) | E19: ВН-50-К5(а) -к1 | F19: ВН-49-К5(а) | G19: ВН-51-К5(а) | H19: ВН-52-К5(а) | J19: =_xlfn.CONCAT(B19,", ",C19,", ",D19,", ",E19,", ", F19,", ",G19,", ",H19) -> ВН-47-К5(а), ВН-48-К5(а), ВН-49-К5(а), ВН-50-К5(а) -к1, ВН-49-К5(а), ВН-51-К5(а), ВН-52-К5(а)
A20: 39 | B20: ВН-41-К5(а) | C20: ВН-42-К5(а) | D20: ВН-43-К5(а) | E20: ВН-44-К5(а) | F20: ВН-43-К5(а) | G20: ВН-45-К5(а) | H20: ВН-46-К5(а)
A21: 38 | B21: ВН-29-К5(а) | C21: ВН-30-К5(а) | D21: ВН-31-К5(а) | E21: ВН-32-К5(а) | F21: ВН-31-К5(а) | G21: ВН-33-К5(а) | H21: ВН-34-К5(а)
A22: 37 | B22: ВН-35-К5(а) | C22: ВН-36-К5(а) | D22: ВН-37-К5(а) | E22: ВН-38-К5(а) | F22: ВН-37-К5(а) | G22: ВН-39-К5(а) | H22: ВН-40-К5(а)
A23: 36 | B23: ВН-29-К5(а) | C23: ВН-30-К5(а) | D23: ВН-31-К5(а) | E23: ВН-32-К5(а) | F23: ВН-31-К5(а) | G23: ВН-33-К5(а) | H23: ВН-34-К5(а)
A24: 35 | B24: ВН-35-К5(а) | C24: ВН-36-К5(а) | D24: ВН-37-К5(а) | E24: ВН-38-К5(а) | F24: ВН-37-К5(а) | G24: ВН-39-К5(а) | H24: ВН-40-К5(а)
A25: 34 | B25: ВН-29-К5(а) | C25: ВН-30-К5(а) | D25: ВН-31-К5(а) | E25: ВН-32-К5(а) | F25: ВН-31-К5(а) | G25: ВН-33-К5(а) | H25: ВН-34-К5(а)
A26: 33 | B26: ВН-35-К5(а) | C26: ВН-36-К5(а) | D26: ВН-37-К5(а) | E26: ВН-38-К5(а) | F26: ВН-37-К5(а) | G26: ВН-39-К5(а) | H26: ВН-40-К5(а)
A27: 32 | B27: ВН-29-К5(а) | C27: ВН-30-К5(а) | D27: ВН-31-К5(а) | E27: ВН-32-К5(а) | F27: ВН-31-К5(а) | G27: ВН-33-К5(а) | H27: ВН-34-К5(а)
A28: 31 | B28: ВН-35-К5(а) | C28: ВН-36-К5(а) | D28: ВН-37-К5(а) | E28: ВН-38-К5(а) | F28: ВН-37-К5(а) | G28: ВН-39-К5(а) | H28: ВН-40-К5(а)
A29: 30 | B29: ВН-29-К5(а) | C29: ВН-30-К5(а) | D29: ВН-31-К5(а) | E29: ВН-32-К5(а) | F29: ВН-31-К5(а) | G29: ВН-33-К5(а) | H29: ВН-34-К5(а)
A30: 29 | B30: ВН-35-К5(а) | C30: ВН-36-К5(а) | D30: ВН-37-К5(а) | E30: ВН-38-К5(а) | F30: ВН-37-К5(а) | G30: ВН-39-К5(а) | H30: ВН-40-К5(а)
A31: 28 | B31: ВН-29-К5(а) | C31: ВН-30-К5(а) | D31: ВН-31-К5(а) | E31: ВН-32-К5(а) | F31: ВН-31-К5(а) | G31: ВН-33-К5(а) | H31: ВН-34-К5(а)
... A38: 21 | B38: ВН-35-К5(а) | C38: ВН-36-К5(а) | D38: ВН-37-К5(а) | E38: ВН-38-К5(а) | F38: ВН-37-К5(а) | G38: ВН-39-К5(а) | H38: ВН-40-К5(а)
A39: 20 | B39: ВН-47-К5(а) | C39: ВН-48-К5(а) | D39: ВН-49-К5(а) | E39: ВН-50-К5(а) | F39: ВН-49-К5(а) | G39: ВН-51-К5(а) | H39: ВН-52-К5(а) | J39: =_xlfn.CONCAT(B39,", ",C39,", ",D39,", ",E39,", ", F39,", ",G39,", ",H39) -> ВН-47-К5(а), ВН-48-К5(а), ВН-49-К5(а), ВН-50-К5(а), ВН-49-К5(а), ВН-51-К5(а), ВН-52-К5(а)
A40: 19 | B40: ВН-41-К5(а) | C40: ВН-42-К5(а) | D40: ВН-43-К5(а) | E40: ВН-44-К5(а) | F40: ВН-43-К5(а) | G40: ВН-45-К5(а) | H40: ВН-46-К5(а) | J40: =_xlfn.CONCAT(B40,", ",C40,", ",D40,", ",E40,", ", F40,", ",G40,", ",H40) -> ВН-41-К5(а), ВН-42-К5(а), ВН-43-К5(а), ВН-44-К5(а), ВН-43-К5(а), ВН-45-К5(а), ВН-46-К5(а)
A41: 18 | B41: ВН-29-К5(а) | C41: ВН-30-К5(а) | D41: ВН-31-К5(а) | E41: ВН-32-К5(а) | F41: ВН-31-К5(а) | G41: ВН-33-К5(а) | H41: ВН-34-К5(а)
A42: 17 | B42: ВН-35-К5(а) | C42: ВН-36-К5(а) | D42: ВН-37-К5(а) | E42: ВН-38-К5(а) | F42: ВН-37-К5(а) | G42: ВН-39-К5(а) | H42: ВН-40-К5(а)
A43: 16 | B43: ВН-29-К5(а) | C43: ВН-30-К5(а) | D43: ВН-31-К5(а) | E43: ВН-32-К5(а) | F43: ВН-31-К5(а) | G43: ВН-33-К5(а) | H43: ВН-34-К5(а)
A44: 15 | B44: ВН-35-К5(а) | C44: ВН-36-К5(а) | D44: ВН-37-К5(а) | E44: ВН-38-К5(а) | F44: ВН-37-К5(а) | G44: ВН-39-К5(а) | H44: ВН-40-К5(а)
A45: 14 | B45: ВН-29-К5(а) | C45: ВН-30-К5(а) | D45: ВН-31-К5(а) | E45: ВН-32-К5(а) | F45: ВН-31-К5(а) | G45: ВН-33-К5(а) | H45: ВН-34-К5(а)
A46: 13 | B46: ВН-35-К5(а) | C46: ВН-36-К5(а) | D46: ВН-37-К5(а) | E46: ВН-38-К5(а) | F46: ВН-37-К5(а) | G46: ВН-39-К5(а) | H46: ВН-40-К5(а)
A47: 12 | B47: ВН-29-К5(а) | C47: ВН-30-К5(а) | D47: ВН-31-К5(а) | E47: ВН-32-К5(а) | F47: ВН-31-К5(а) | G47: ВН-33-К5(а) | H47: ВН-34-К5(а)
A48: 11 | B48: ВН-35-К5(а) | C48: ВН-36-К5(а) | D48: ВН-37-К5(а) | E48: ВН-38-К5(а) | F48: ВН-37-К5(а) | G48: ВН-39-К5(а) | H48: ВН-40-К5(а)
A49: 10 | B49: ВН-29-К5(а) | C49: ВН-30-К5(а) | D49: ВН-31-К5(а) | E49: ВН-32-К5(а) | F49: ВН-31-К5(а) | G49: ВН-33-К5(а) | H49: ВН-34-К5(а)
A50: 9 | B50: ВН-35-К5(а) | C50: ВН-36-К5(а) | D50: ВН-37-К5(а) | E50: ВН-38-К5(а) | F50: ВН-37-К5(а) | G50: ВН-39-К5(а) | H50: ВН-40-К5(а)
A51: 8 | B51: ВН-29-К5(а) | C51: ВН-30-К5(а) | D51: ВН-31-К5(а) | E51: ВН-32-К5(а) | F51: ВН-31-К5(а) | G51: ВН-33-К5(а) | H51: ВН-34-К5(а)
A52: 7 | B52: ВН-35-К5(а) | C52: ВН-36-К5(а) | D52: ВН-37-К5(а) | E52: ВН-38-К5(а) | F52: ВН-37-К5(а) | G52: ВН-39-К5(а) | H52: ВН-40-К5(а)
... A54: 5 | B54: ВН-35-К5(а) | C54: ВН-36-К5(а) | D54: ВН-37-К5(а) | E54: ВН-38-К5(а) | F54: ВН-37-К5(а) | G54: ВН-39-К5(а) | H54: ВН-40-К5(а)
A55: 4 | B55: ВН-29-К5(а) | C55: ВН-30-К5(а) | D55: ВН-31-К5(а) | E55: ВН-32-К5(а) | F55: ВН-31-К5(а) | G55: ВН-33-К5(а) | H55: ВН-34-К5(а) | J55: =_xlfn.CONCAT(B55,", ",C55,", ",D55,", ",E55,", ", F55,", ",G55,", ",H55) -> ВН-29-К5(а), ВН-30-К5(а), ВН-31-К5(а), ВН-32-К5(а), ВН-31-К5(а), ВН-33-К5(а), ВН-34-К5(а)
A56: 3 | B56: ВН-35-К5(а) | C56: ВН-36-К5(а) | D56: ВН-37-К5(а) | E56: ВН-38-К5(а) | F56: ВН-37-К5(а) | G56: ВН-39-К5(а) | H56: ВН-40-К5(а) | J56: =_xlfn.CONCAT(B56,", ",C56,", ",D56,", ",E56,", ", F56,", ",G56,", ",H56) -> ВН-35-К5(а), ВН-36-К5(а), ВН-37-К5(а), ВН-38-К5(а), ВН-37-К5(а), ВН-39-К5(а), ВН-40-К5(а)
A57: 2 | B57: ВН-25-К5(а)-1 | C57: ВН-26-К5(а)-1 | D57: ВН-27-К5(а) | E57: ВН-28-К5(а) | F57: ВН-27-К5(а) | G57: ВН-26-К5(а)-2 | H57: ВН-25-К5(а)-2 | J57: =_xlfn.CONCAT(B57,", ",C57,", ",D57,", ",E57,", ", F57,", ",G57,", ",H57) -> ВН-25-К5(а)-1, ВН-26-К5(а)-1, ВН-27-К5(а), ВН-28-К5(а), ВН-27-К5(а), ВН-26-К5(а)-2, ВН-25-К5(а)-2

Sheet Размещение изделий на этажах1
A1: Этаж | B1: Этажи с сопадающим набором устанавливаемых изделий | C1: Изделия | D1: Кол-во этажей
A2: 2 | B2: 2 | C2: =Изделия1!J57 -> ВН-25-К5(а)-1, ВН-26-К5(а)-1, ВН-27-К5(а), ВН-28-К5(а), ВН-27-К5(а), ВН-26-К5(а)-2, ВН-25-К5(а)-2 | D2: 1
A3: 3 | B3: нечётные 3,5,…,17,21,…,37,41,…,55 | C3: =Изделия1!J56 -> ВН-35-К5(а), ВН-36-К5(а), ВН-37-К5(а), ВН-38-К5(а), ВН-37-К5(а), ВН-39-К5(а), ВН-40-К5(а) | D3: 25
A4: 4 | B4: чётные 4,6,…,18,22,…,38,42,…,56 | C4: =Изделия1!J55 -> ВН-29-К5(а), ВН-30-К5(а), ВН-31-К5(а), ВН-32-К5(а), ВН-31-К5(а), ВН-33-К5(а), ВН-34-К5(а) | D4: 25
A5: 19 | B5: 19,39 | C5: =Изделия1!J40 -> ВН-41-К5(а), ВН-42-К5(а), ВН-43-К5(а), ВН-44-К5(а), ВН-43-К5(а), ВН-45-К5(а), ВН-46-К5(а) | D5: 2
A6: 20 | B6: 20 | C6: =Изделия1!J39 -> ВН-47-К5(а), ВН-48-К5(а), ВН-49-К5(а), ВН-50-К5(а), ВН-49-К5(а), ВН-51-К5(а), ВН-52-К5(а) | D6: 1
A7: 40 | B7: 40 | C7: =Изделия1!J19 -> ВН-47-К5(а), ВН-48-К5(а), ВН-49-К5(а), ВН-50-К5(а) -к1, ВН-49-К5(а), ВН-51-К5(а), ВН-52-К5(а) | D7: 1
A8: 57 | B8: 57 | C8: =Изделия1!J2 -> ВН-53-К5(а), ВН-54-К5(а), ВН-55-К5(а), ВН-56-К5(а), ВН-55-К5(а), ВН-57-К5(а), ВН-58-К5(а) | D8: 1

Sheet Подсчёт изделий1
A1: РядИзделий | B1: Этаж | C1: Изделие | D1: Количество
A2: 1 | B2: =Изделия1!A2 -> 57 | C2: =Изделия1!B2 -> ВН-53-К5(а) | D2: 1
A3: 1 | B3: =Изделия1!A3 -> 56 | C3: =Изделия1!B3 -> ВН-29-К5(а) | D3: 1
A4: 1 | B4: =Изделия1!A4 -> 55 | C4: =Изделия1!B4 -> ВН-35-К5(а) | D4: 1
A5: 1 | B5: =Изделия1!A5 -> 54 | C5: =Изделия1!B5 -> ВН-29-К5(а) | D5: 1
A6: 1 | B6: =Изделия1!A6 -> 53 | C6: =Изделия1!B6 -> ВН-35-К5(а) | D6: 1
A7: 1 | B7: =Изделия1!A7 -> 52 | C7: =Изделия1!B7 -> ВН-29-К5(а) | D7: 1
A8: 1 | B8: =Изделия1!A8 -> 51 | C8: =Изделия1!B8 -> ВН-35-К5(а) | D8: 1
A9: 1 | B9: =Изделия1!A9 -> 50 | C9: =Изделия1!B9 -> ВН-29-К5(а) | D9: 1
A10: 1 | B10: =Изделия1!A10 -> 49 | C10: =Изделия1!B10 -> ВН-35-К5(а) | D10: 1
A11: 1 | B11: =Изделия1!A11 -> 48 | C11: =Изделия1!B11 -> ВН-29-К5(а) | D11: 1
A12: 1 | B12: =Изделия1!A12 -> 47 | C12: =Изделия1!B12 -> ВН-35-К5(а) | D12: 1
A13: 1 | B13: =Изделия1!A13 -> 46 | C13: =Изделия1!B13 -> ВН-29-К5(а) | D13: 1
... A57: 1 | B57: =Изделия1!A57 -> 2 | C57: =Изделия1!B57 -> ВН-25-К5(а)-1 | D57: 1
A58: 2 | B58: =Изделия1!A2 -> 57 | C58: =Изделия1!C2 -> ВН-54-К5(а) | D58: 1
A59: 2 | B59: =Изделия1!A3 -> 56 | C59: =Изделия1!C3 -> ВН-30-К5(а) | D59: 1
A60: 2 | B60: =Изделия1!A4 -> 55 | C60: =Изделия1!C4 -> ВН-36-К5(а) | D60: 1
A61: 2 | B61: =Изделия1!A5 -> 54 | C61: =Изделия1!C5 -> ВН-30-К5(а) | D61: 1
A62: 2 | B62: =Изделия1!A6 -> 53 | C62: =Изделия1!C6 -> ВН-36-К5(а) | D62: 1
A63: 2 | B63: =Изделия1!A7 -> 52 | C63: =Изделия1!C7 -> ВН-30-К5(а) | D63: 1
A64: 2 | B64: =Изделия1!A8 -> 51 | C64: =Изделия1!C8 -> ВН-36-К5(а) | D64: 1
A65: 2 | B65: =Изделия1!A9 -> 50 | C65: =Изделия1!C9 -> ВН-30-К5(а) | D65: 1
A66: 2 | B66: =Изделия1!A10 -> 49 | C66: =Изделия1!C10 -> ВН-36-К5(а) | D66: 1
A67: 2 | B67: =Изделия1!A11 -> 48 | C67: =Изделия1!C11 -> ВН-30-К5(а) | D67: 1
A68: 2 | B68: =Изделия1!A12 -> 47 | C68: =Изделия1!C12 -> ВН-36-К5(а) | D68: 1
A69: 2 | B69: =Изделия1!A13 -> 46 | C69: =Изделия1!C13 -> ВН-30-К5(а) | D69: 1
... A113: 2 | B113: =Изделия1!A57 -> 2 | C113: =Изделия1!C57 -> ВН-26-К5(а)-1 | D113: 1
A114: 3 | B114: =Изделия1!A2 -> 57 | C114: =Изделия1!D2 -> ВН-55-К5(а) | D114: 1
A115: 3 | B115: =Изделия1!A3 -> 56 | C115: =Изделия1!D3 -> ВН-31-К5(а) | D115: 1
A116: 3 | B116: =Изделия1!A4 -> 55 | C116: =Изделия1!D4 -> ВН-37-К5(а) | D116: 1
A117: 3 | B117: =Изделия1!A5 -> 54 | C117: =Изделия1!D5 -> ВН-31-К5(а) | D117: 1
A118: 3 | B118: =Изделия1!A6 -> 53 | C118: =Изделия1!D6 -> ВН-37-К5(а) | D118: 1
A119: 3 | B119: =Изделия1!A7 -> 52 | C119: =Изделия1!D7 -> ВН-31-К5(а) | D119: 1
A120: 3 | B120: =Изделия1!A8 -> 51 | C120: =Изделия1!D8 -> ВН-37-К5(а) | D120: 1
A121: 3 | B121: =Изделия1!A9 -> 50 | C121: =Изделия1!D9 -> ВН-31-К5(а) | D121: 1
A122: 3 | B122: =Изделия1!A10 -> 49 | C122: =Изделия1!D10 -> ВН-37-К5(а) | D122: 1
A123: 3 | B123: =Изделия1!A11 -> 48 | C123: =Изделия1!D11 -> ВН-31-К5(а) | D123: 1
A124: 3 | B124: =Изделия1!A12 -> 47 | C124: =Изделия1!D12 -> ВН-37-К5(а) | D124: 1
A125: 3 | B125: =Изделия1!A13 -> 46 | C125: =Изделия1!D13 -> ВН-31-К5(а) | D125: 1
... A169: 3 | B169: =Изделия1!A57 -> 2 | C169: =Изделия1!D57 -> ВН-27-К5(а) | D169: 1
A170: 4 | B170: =Изделия1!A2 -> 57 | C170: =Изделия1!E2 -> ВН-56-К5(а) | D170: 1
A171: 4 | B171: =Изделия1!A3 -> 56 | C171: =Изделия1!E3 -> ВН-32-К5(а) | D171: 1
A172: 4 | B172: =Изделия1!A4 -> 55 | C172: =Изделия1!E4 -> ВН-38-К5(а) | D172: 1
A173: 4 | B173: =Изделия1!A5 -> 54 | C173: =Изделия1!E5 -> ВН-32-К5(а) | D173: 1
A174: 4 | B174: =Изделия1!A6 -> 53 | C174: =Изделия1!E6 -> ВН-38-К5(а) | D174: 1
A175: 4 | B175: =Изделия1!A7 -> 52 | C175: =Изделия1!E7 -> ВН-32-К5(а) | D175: 1
A176: 4 | B176: =Изделия1!A8 -> 51 | C176: =Изделия1!E8 -> ВН-38-К5(а) | D176: 1
A177: 4 | B177: =Изделия1!A9 -> 50 | C177: =Изделия1!E9 -> ВН-32-К5(а) | D177: 1
A178: 4 | B178: =Изделия1!A10 -> 49 | C178: =Изделия1!E10 -> ВН-38-К5(а) | D178: 1
A179: 4 | B179: =Изделия1!A11 -> 48 | C179: =Изделия1!E11 -> ВН-32-К5(а) | D179: 1
A180: 4 | B180: =Изделия1!A12 -> 47 | C180: =Изделия1!E12 -> ВН-38-К5(а) | D180: 1
A181: 4 | B181: =Изделия1!A13 -> 46 | C181: =Изделия1!E13 -> ВН-32-К5(а) | D181: 1
... A225: 4 | B225: =Изделия1!A57 -> 2 | C225: =Изделия1!E57 -> ВН-28-К5(а) | D225: 1
A226: 5 | B226: =Изделия1!A2 -> 57 | C226: =Изделия1!F2 -> ВН-55-К5(а) | D226: 1
A227: 5 | B227: =Изделия1!A3 -> 56 | C227: =Изделия1!F3 -> ВН-31-К5(а) | D227: 1
A228: 5 | B228: =Изделия1!A4 -> 55 | C228: =Изделия1!F4 -> ВН-37-К5(а) | D228: 1
A229: 5 | B229: =Изделия1!A5 -> 54 | C229: =Изделия1!F5 -> ВН-31-К5(а) | D229: 1
A230: 5 | B230: =Изделия1!A6 -> 53 | C230: =Изделия1!F6 -> ВН-37-К5(а) | D230: 1
A231: 5 | B231: =Изделия1!A7 -> 52 | C231: =Изделия1!F7 -> ВН-31-К5(а) | D231: 1
A232: 5 | B232: =Изделия1!A8 -> 51 | C232: =Изделия1!F8 -> ВН-37-К5(а) | D232: 1
A233: 5 | B233: =Изделия1!A9 -> 50 | C233: =Изделия1!F9 -> ВН-31-К5(а) | D233: 1
A234: 5 | B234: =Изделия1!A10 -> 49 | C234: =Изделия1!F10 -> ВН-37-К5(а) | D234: 1
A235: 5 | B235: =Изделия1!A11 -> 48 | C235: =Изделия1!F11 -> ВН-31-К5(а) | D235: 1
A236: 5 | B236: =Изделия1!A12 -> 47 | C236: =Изделия1!F12 -> ВН-37-К5(а) | D236: 1
A237: 5 | B237: =Изделия1!A13 -> 46 | C237: =Изделия1!F13 -> ВН-31-К5(а) | D237: 1
... A281: 5 | B281: =Изделия1!A57 -> 2 | C281: =Изделия1!F57 -> ВН-27-К5(а) | D281: 1
A282: 6 | B282: =Изделия1!A2 -> 57 | C282: =Изделия1!G2 -> ВН-57-К5(а) | D282: 1
A283: 6 | B283: =Изделия1!A3 -> 56 | C283: =Изделия1!G3 -> ВН-33-К5(а) | D283: 1
A284: 6 | B284: =Изделия1!A4 -> 55 | C284: =Изделия1!G4 -> ВН-39-К5(а) | D284: 1
A285: 6 | B285: =Изделия1!A5 -> 54 | C285: =Изделия1!G5 -> ВН-33-К5(а) | D285: 1
A286: 6 | B286: =Изделия1!A6 -> 53 | C286: =Изделия1!G6 -> ВН-39-К5(а) | D286: 1
A287: 6 | B287: =Изделия1!A7 -> 52 | C287: =Изделия1!G7 -> ВН-33-К5(а) | D287: 1
A288: 6 | B288: =Изделия1!A8 -> 51 | C288: =Изделия1!G8 -> ВН-39-К5(а) | D288: 1
A289: 6 | B289: =Изделия1!A9 -> 50 | C289: =Изделия1!G9 -> ВН-33-К5(а) | D289: 1
A290: 6 | B290: =Изделия1!A10 -> 49 | C290: =Изделия1!G10 -> ВН-39-К5(а) | D290: 1
A291: 6 | B291: =Изделия1!A11 -> 48 | C291: =Изделия1!G11 -> ВН-33-К5(а) | D291: 1
A292: 6 | B292: =Изделия1!A12 -> 47 | C292: =Изделия1!G12 -> ВН-39-К5(а) | D292: 1
A293: 6 | B293: =Изделия1!A13 -> 46 | C293: =Изделия1!G13 -> ВН-33-К5(а) | D293: 1
... A337: 6 | B337: =Изделия1!A57 -> 2 | C337: =Изделия1!G57 -> ВН-26-К5(а)-2 | D337: 1
A338: 7 | B338: =Изделия1!A2 -> 57 | C338: =Изделия1!H2 -> ВН-58-К5(а) | D338: 1
A339: 7 | B339: =Изделия1!A3 -> 56 | C339: =Изделия1!H3 -> ВН-34-К5(а) | D339: 1
A340: 7 | B340: =Изделия1!A4 -> 55 | C340: =Изделия1!H4 -> ВН-40-К5(а) | D340: 1
A341: 7 | B341: =Изделия1!A5 -> 54 | C341: =Изделия1!H5 -> ВН-34-К5(а) | D341: 1
A342: 7 | B342: =Изделия1!A6 -> 53 | C342: =Изделия1!H6 -> ВН-40-К5(а) | D342: 1
A343: 7 | B343: =Изделия1!A7 -> 52 | C343: =Изделия1!H7 -> ВН-34-К5(а) | D343: 1
A344: 7 | B344: =Изделия1!A8 -> 51 | C344: =Изделия1!H8 -> ВН-40-К5(а) | D344: 1
A345: 7 | B345: =Изделия1!A9 -> 50 | C345: =Изделия1!H9 -> ВН-34-К5(а) | D345: 1
A346: 7 | B346: =Изделия1!A10 -> 49 | C346: =Изделия1!H10 -> ВН-40-К5(а) | D346: 1
A347: 7 | B347: =Изделия1!A11 -> 48 | C347: =Изделия1!H11 -> ВН-34-К5(а) | D347: 1
A348: 7 | B348: =Изделия1!A12 -> 47 | C348: =Изделия1!H12 -> ВН-40-К5(а) | D348: 1
A349: 7 | B349: =Изделия1!A13 -> 46 | C349: =Изделия1!H13 -> ВН-34-К5(а) | D349: 1
... A393: 7 | B393: =Изделия1!A57 -> 2 | C393: =Изделия1!H57 -> ВН-25-К5(а)-2 | D393: 1

Sheet Сводная таблица_Подсчёт изделий
A1: Изделие | B1: Сумма - Количество
A2: ВН-50-К5(а) -к1 | B2: 1
A3: ВН-25-К5(а)-1 | B3: 1
A4: ВН-25-К5(а)-2 | B4: 1
A5: ВН-26-К5(а)-1 | B5: 1
A6: ВН-26-К5(а)-2 | B6: 1
A7: ВН-27-К5(а) | B7: 2
A8: ВН-28-К5(а) | B8: 1
A9: ВН-29-К5(а) | B9: 25
A10: ВН-30-К5(а) | B10: 25
A11: ВН-31-К5(а) | B11: 50
A12: ВН-32-К5(а) | B12: 25
A13: ВН-33-К5(а) | B13: 25
... A39: Итог Результат | B39: 392

Sheet Data
B1: Заполнения | D1: ТипРядовЗаполнений | F1: ТипКреплений | H1: Подпорки | J1: Опоры | L1: Термомосты | N1: Крепление ригеля | P1: Подставка | R1: Опоры | T1: Ряды опор
B2: 1а | D2: Зап1 | F2: Креп1 | H2: Подпорка1 | J2: о1 | L2: т0 | N2: с1 | P2: Подставка | R2: о1лев | T2: ОпораМ
B3: 1б | D3: Зап1_20 | F3: Креп1_20 | H3: Подпорка1_20 | J3: о1лев | L3: тСтойка | N3: с2 | R3: о1прав | T3: ОпораМ_Ус
B4: 3а | D4: Зап2 | F4: Креп2 | H4: Подпорка2 | J4: о1прав | L4: т13 | N4: с3 | R4: о1 | T4: Опора1
B5: 3б | D5: Зап2_57 | F5: Креп2_57 | H5: Подпорка2_57 | J5: о1ц | L5: т24 | N5: с4 | R5: о2лев | T5: Опора1_20
B6: 5а | D6: Межэтажка | F6: КрепМ | J6: о2 | L6: т1 | N6: с2ус | R6: о2прав | T6: Опора1_40
B7: 5б | D7: Базовый | F7: КрепМ_Ус | H7: пл2_Подпорка1 | J7: о2лев | L7: т2 | N7: с6 | R7: о2
B8: 6а | D8: ЗапНизВерх | H8: пл2_Подпорка2 | J8: о2прав | L8: т3 | N8: с7 | T8: Опора2
B9: 6б | D9: Термомост | H9: пл2_Подпорка2_57 | J9: о3 | L9: т4 | N9: с80 | T9: Опора2_57
B10: Тип 8 | D10: пл2_Зап1 | F10: пл2_Креп1 | J10: о3лев
B11: 7б | D11: пл2_Зап2 | F11: пл2_Креп2 | J11: о3прав
B12: Тип 10 | D12: пл2_Зап2_57 | F12: пл2_КрепМ | J12: о4
B13: ВС | D13: пл2_Межэтажка | F13: пл2_КрепМУс | J13: о5
B14: СН | D14: пл2_Базовый
B15: Лист 2 мм | D15: пл2_ЗапНизВерх | F15: ВС
B16: Лист 1 мм
B17: Продлить | D17: ВС
B18: НВС | D18: ххх
